k,baseline,observed_pos,observed_neg,observed_combined,expected_pos,expected_neg,expected_combined,observed_rate_combined,expected_rate_combined,excess_rate_combined,ratio_combined
1,gaussian,118,98,216,137.70902147091508,126.62292206083444,264.3319435317495,0.043105168629016165,0.05275033796283168,-0.009645169333815509,0.8171543594543115
1,gennorm,118,98,216,130.5056883106401,115.2728751850116,245.7785634956517,0.043105168629016165,0.049047807522580665,-0.005942638893564498,0.8788398667804137
2,gaussian,123,90,213,142.1712232997528,120.22490388617472,262.3961271859275,0.04250648573139094,0.05236402458310268,-0.00985753885171174,0.811749785655462
2,gennorm,123,90,213,137.73362536780743,107.74400004793696,245.4776254157444,0.04250648573139094,0.04898775202868577,-0.006481266297294831,0.8676961887636813
3,gaussian,416,315,731,145.78353871823163,113.42032555212221,259.20386427035385,0.1458790660546797,0.051726973512343614,0.09415209254233609,2.820174004958333
3,gennorm,416,315,731,144.23183274915607,100.4197823785527,244.65161512770877,0.1458790660546797,0.048822912617782634,0.09705615343689708,2.9879222322665484
4,gaussian,148,91,239,148.4701706810222,106.33457574869034,254.80474642971257,0.04769507084414289,0.050849081307066966,-0.00315401046292408,0.9379731082282948
4,gennorm,148,91,239,148.84087188878237,93.36137808976466,242.20224997854703,0.04769507084414289,0.04833411494283517,-0.000639044098692283,0.986778611764215
5,gaussian,122,70,192,150.17533318259552,99.09005544872153,249.26538863131705,0.03831570544801437,0.04974364171449153,-0.011427936266477161,0.7702633769343042
5,gennorm,122,70,192,151.46146642050678,86.61003283123577,238.07149925174255,0.03831570544801437,0.0475097783380049,-0.009194072889990532,0.8064804086312514
6,gaussian,192,130,322,150.86480317025865,91.80238677874402,242.66718994900268,0.06425863101177409,0.04842689881241322,0.01583173219936087,1.3269202155745463
6,gennorm,192,130,322,152.51506664951907,80.1924104422055,232.70747709172457,0.06425863101177409,0.04643932889477641,0.01781930211699769,1.3837114476260668
7,gaussian,271,164,435,150.5266819703931,84.57735118763652,235.1040331580296,0.08680902015565756,0.04691758793814201,0.039891432217515545,1.850244737008006
7,gennorm,271,164,435,151.81594809747463,74.12410428029547,225.9400523777701,0.08680902015565756,0.0450888150823728,0.041720205073284757,1.9252894536497815
8,gaussian,129,59,188,149.17143564876852,77.50862792048261,226.68006356925113,0.03751746158451407,0.04523649243050312,-0.0077190308459890505,0.8293627460650755
8,gennorm,129,59,188,149.18334824810051,68.41217190402958,217.5955201521301,0.03751746158451407,0.04342357217164839,-0.005906110587134323,0.8639883756272251
9,gaussian,48,28,76,146.8312555626008,70.67631539131088,217.50757095391168,0.015166633406505687,0.043406020944703985,-0.0282393875381983,0.34941312464063085
9,gennorm,48,28,76,145.25652009043677,63.05706197111904,208.3135820615558,0.015166633406505687,0.041571259641100734,-0.02640462623459505,0.36483458854613865
10,gaussian,181,85,266,143.55875379009032,64.14616872570303,207.70492251579336,0.053083216922769905,0.0414497949542593,0.011633421968510605,1.28066295578418
10,gennorm,181,85,266,140.32164144093426,58.05412555911806,198.37576700005232,0.053083216922769905,0.03958805966873924,0.013495157254030669,1.3408895855708518
11,gaussian,77,33,110,139.42500896489028,57.969467902734664,197.39447686762495,0.02195170624625823,0.03939223246210835,-0.01744052621585012,0.5572597660560041
11,gennorm,77,33,110,134.40242530536855,53.394824243435345,187.7972495488039,0.02195170624625823,0.03747700050864177,-0.015525294262383537,0.5857380779765557
12,gaussian,60,26,86,134.51701021130827,52.183426605289675,186.70043681659794,0.017162243065256436,0.037258119500418664,-0.02009587643516223,0.4606309522697082
12,gennorm,60,26,86,127.89349385946093,49.06770652294831,176.96120038240923,0.017162243065256436,0.035314548070726245,-0.018152305005469813,0.485982236864103
13,gaussian,78,43,121,128.93459617778768,46.81204978447784,175.74664596226552,0.024146876870884054,0.03507217041753453,-0.010925293546650472,0.688491090896721
13,gennorm,78,43,121,121.08821100086817,45.0592014534805,166.14741245434868,0.024146876870884054,0.03315653810703426,-0.009009661236150206,0.7282689402896746
14,gaussian,176,73,249,122.78703264168672,41.86734381354178,164.6543764552285,0.04969068050289364,0.03285858640096358,0.016832094101930057,1.5122586193006908
14,gennorm,176,73,249,114.00777209593792,41.3542647243719,155.3620368203098,0.04969068050289364,0.031004198128179967,0.018686482374713667,1.6027081331843693
15,gaussian,50,30,80,116.18940130087228,37.350778909678624,153.5401802105509,0.015964877270005985,0.030640626663450587,-0.0146757493934446,0.5210362518156183
15,gennorm,50,30,80,106.73107896767709,37.93690373548715,144.66798270316423,0.015964877270005985,0.02887008235944207,-0.012905205089436086,0.5529903611371102
16,gaussian,84,31,115,109.258979535267,33.25490306727184,142.51388260253884,0.022949511075633606,0.028440208062769676,-0.005490696987136069,0.8069389304389867
16,gennorm,84,31,115,99.49476375503984,34.790602405775516,134.28536616081536,0.022949511075633606,0.026798117373940403,-0.0038486062983067964,0.8563851988330591
17,gaussian,120,46,166,102.11177931274023,29.56501244731765,131.67679176005788,0.033127120335262425,0.026277547746968246,0.006849572588294176,1.2606625494224224
17,gennorm,120,46,166,92.40756505237061,31.8986623463052,124.30622739867582,0.033127120335262425,0.024806670803966438,0.008320449531295985,1.3354117768179354
18,gaussian,88,33,121,94.85938942903218,26.260794910180046,121.12018433921222,0.024146876870884054,0.024170860973700303,-2.39841028162474e-05,0.99900772658275
18,gennorm,88,33,121,85.54444426634227,29.244474026230957,114.78891829257323,0.024146876870884054,0.02290738740622096,0.0012394894646630954,1.0541087223384753
19,gaussian,39,15,54,87.6062348053138,23.31787929700009,110.9241141023139,0.010776292157254041,0.02213612334909477,-0.01135983119184073,0.48681930378268895
19,gennorm,39,15,54,78.98238799154662,26.81172927550075,105.79411726704737,0.010776292157254041,0.021112376225712905,-0.010336084068458864,0.5104253562954947
20,gaussian,85,25,110,80.44733357575927,20.709240736910292,101.15657431266956,0.02195170624625823,0.020186903674450123,0.0017648025718081098,1.0874231432550878
20,gennorm,85,25,110,72.75446826775368,24.58458467458291,97.3390529423366,0.02195170624625823,0.019425075422537734,0.002526630823720496,1.1300705798438755
21,gaussian,112,22,134,73.46659949233623,18.40642959740574,91.87302908974198,0.026741169427260028,0.018334270423017756,0.008406899004242272,1.4585346899698737
21,gennorm,112,22,134,66.87464028968455,22.547783934838613,89.42242422452316,0.026741169427260028,0.01784522534913653,0.008895944078123497,1.4985055612398832
22,gaussian,42,10,52,66.73570527508241,16.380607307050894,83.1163125821333,0.010377170225503891,0.016586771618865157,-0.006209601393361266,0.6256292944735127
22,gennorm,42,10,52,61.35362221208049,20.686746179860222,82.04036839194072,0.010377170225503891,0.01637205515704265,-0.005994884931538758,0.633834306442586
23,gaussian,48,13,61,60.3134932797097,14.603385420802724,74.91687870051243,0.012173218918379565,0.014950484673820081,-0.0027772657554405162,0.8142357377681668
23,gennorm,48,13,61,56.19342414214873,18.98762603604817,75.1810501781969,0.012173218918379565,0.01500320298906344,-0.0028299840706838752,0.8113746729450513
24,gaussian,94,21,115,54.24589454446459,13.047474697216696,67.29336924168129,0.022949511075633606,0.013429129762857971,0.009520381312775635,1.7089350896814568
24,gennorm,94,21,115,51.391069741857955,17.4373505876916,68.82842032954956,0.022949511075633606,0.013735466040620547,0.009214045035013059,1.6708214346541956
25,gaussian,46,12,58,48.56629704423785,11.687158634819685,60.25345567905754,0.01157453602075434,0.012024237812623736,-0.0004497017918693949,0.9626003910703369
25,gennorm,46,12,58,46.93696044476134,16.023637518463982,62.960597963225325,0.01157453602075434,0.012564477741613515,-0.000989941720859175,0.9212110728979613
26,gaussian,33,11,44,43.29628957291285,10.498611064693101,53.79490063760595,0.008780682498503292,0.010735362330394323,-0.0019546798318910296,0.8179213917767011
26,gennorm,33,11,44,42.81971845848046,14.734998126507088,57.554716584987546,0.008780682498503292,0.011485674832366304,-0.0027049923338630104,0.7644899082254689
27,gaussian,44,6,50,38.44669934460152,9.46008031193497,47.906779656536486,0.009978048293753742,0.009560323220222808,0.0004177250735309348,1.043693614107871
27,gennorm,44,6,50,39.02470594817744,13.560728348678271,52.58543429685571,0.009978048293753742,0.010494000059240812,-0.0005159517654870703,0.9508336418358666
28,gaussian,66,16,82,34.018838893086226,8.551963473884825,42.57080236697105,0.016363999201756137,0.008495470438429666,0.007868528763326471,1.926202830126135
28,gennorm,66,16,82,35.53481892553984,12.490890449268637,48.02570937480847,0.016363999201756137,0.009584056949672414,0.006779942252083722,1.7074188193670385
29,gaussian,28,2,30,30.005880475256347,7.756793900555814,37.76267437581216,0.005986828976252245,0.007535955772463013,-0.0015491267962107684,0.7944352590455213
29,gennorm,28,2,30,32.333923249643085,11.516287610264722,43.850210859907804,0.005986828976252245,0.008750790433028897,-0.002763961456776652,0.6841472232788957
30,gaussian,19,7,26,26.394282974067792,7.059163387821462,33.453446361889256,0.005188585112751946,0.0066760020678286285,-0.0014874169550766825,0.7771994466202337
30,gennorm,19,7,26,29.40476483692596,10.628433296439141,40.033198133365104,0.005188585112751946,0.007989063686562584,-0.0028004785738106374,0.6494609776961753
31,gaussian,55,12,67,23.16520612219103,6.445598270609363,29.610804392800393,0.013370584713630014,0.005909160724965155,0.007461423988664859,2.2626876025120906
31,gennorm,55,12,67,26.72965622296804,9.819516952827303,36.549173175795346,0.013370584713630014,0.007293788300897095,0.006076796412732919,1.8331468041080252
32,gaussian,22,1,23,20.295858576227268,5.904405855593678,26.200264431820948,0.004589902215126721,0.005228550076196557,-0.0006386478610698359,0.8778537354022222
32,gennorm,22,1,23,24.29102066982323,9.082367318986051,33.373387988809284,0.004589902215126721,0.006660025541570402,-0.0020701233264436808,0.6891718637530097
33,gaussian,12,1,13,17.760738887239366,5.42550473155252,23.186243618791885,0.002594292556375973,0.004627069171580899,-0.002032776615204926,0.5606772797584089
33,gennorm,12,1,13,22.071641237895633,8.4104144089795,30.482055646875132,0.002594292556375973,0.006083028466748181,-0.0034887359103722075,0.42648042345309134
34,gaussian,26,4,30,15.532740809842174,5.00024965221669,20.532990462058862,0.005986828976252245,0.0040975834089121655,0.0018892455673400793,1.4610633582786885
34,gennorm,26,4,30,20.054841083834642,7.79765100399737,27.85249208783201,0.005986828976252245,0.005558270223075636,0.00042855875317660913,1.07710289999889
35,gaussian,27,4,31,13.584105935120498,4.621259053075498,18.205364988195996,0.00618638994212732,0.0036330802211526634,0.002553309720974657,1.7027947541892072
35,gennorm,27,4,31,18.224614770486056,7.23859433198745,25.463209102473506,0.00618638994212732,0.00508146260276861,0.0011049273393587097,1.217442776958881
36,gaussian,2,0,2,11.887216796972808,4.282250937255919,16.16946773422873,0.0003991219317501497,0.0032267945987285427,-0.0028276726669783933,0.12368990945609494
36,gennorm,2,0,2,16.56572079771732,6.728248462187067,23.293969259904387,0.0003991219317501497,0.004648567004570821,-0.0042494450728206715,0.08585913279462314
37,gaussian,16,3,19,10.41523206568155,3.977890896215849,14.393122961897399,0.003791658351626422,0.002872305520234963,0.000919352831391459,1.320074875362233
37,gennorm,16,3,19,15.063742741429976,6.262067818787531,21.32581056021751,0.003791658351626422,0.004255799353465877,-0.0004641410018394549,0.8909391718710932
38,gaussian,25,1,26,9.142572067946315,3.7036544310356136,12.846226498981927,0.005188585112751946,0.0025636053679868147,0.002624979744765131,2.02394064919068
38,gennorm,25,1,26,13.70512492656344,5.835922114313686,19.541047040877125,0.005188585112751946,0.003899630221687712,0.0012889548910642338,1.3305325935509829
39,gaussian,2,0,2,8.045267672276859,3.455704494396631,11.50097216667349,0.0003991219317501497,0.002295145114083714,-0.0018960231823335642,0.17389834276752925
39,gennorm,2,0,2,12.477187559530904,5.446062917056599,17.923250476587505,0.0003991219317501497,0.003576781176728698,-0.003177659244978548,0.11158690230951845
40,gaussian,10,0,10,7.101188681161046,3.230784248379989,10.331972929541035,0.001995609658750748,0.0020618584972143354,-6.624883846358706e-05,0.9678693574010572
40,gennorm,10,0,10,11.368125465982587,5.089091995752076,16.457217461734665,0.001995609658750748,0.003284218212279917,-0.0012886085535291688,0.6076361343131912
